"author","title","description","source","category","date"
,"Forian GAAP EPS of $0.04 beats by $0.07, revenue of $5.37M misses by $0.19M","Forian GAAP EPS of $0.04 beats by $0.07, revenue of $5.37M misses by $0.19M","Seeking Alpha","business","2024-03-28T20:26:56+00:00"
"Andrew Ross Sorkin, Ravi Mattu, Bernhard Warner, Sarah Kessler, Michael J. de la Merced, Lauren Hirsch and Ephrat Livni","Josh Kushner and Karlie Kloss Plan to Revive Life Magazine","The investor Josh Kushner and his wife, Karlie Kloss, have struck a deal with Barry Diller‚Äôs media company to revive it as a regular print title.","The New York Times","business","2024-03-28T20:26:09+00:00"
,"Reed's Non-GAAP EPS of -$1.55 misses by $1.24, revenue of $11.7M misses by $2.38M","Reed's Non-GAAP EPS of -$1.55 misses by $1.24, revenue of $11.7M misses by $2.38M","Seeking Alpha","business","2024-03-28T20:25:52+00:00"
"cdavis@thebtngroup.com (Chris Davis)","Starlux to Add Taipei-Seattle Service","Taiwan-based carrier Starlux Airlines on Aug. 16 will launch nonstop service between Seattle and Taipei.","Business Travel News","business","2024-03-28T20:25:08+00:00"
"cdavis@thebtngroup.com (Chris Davis)","Norse to Add Las Vegas-Gatwick Service","Norway-based Norse Atlantic Airlines on Sept. 12 will launch direct service between Las Vegas and London. &#160;","Business Travel News","business","2024-03-28T20:25:08+00:00"
"cdavis@thebtngroup.com (Chris Davis)","Avianca to Add 10 U.S. Routes","Colombia-based carrier Avianca this year will revive 10 seasonal direct routes between Latin America and the United States.","Business Travel News","business","2024-03-28T20:25:08+00:00"
"","Gorry in doubt for Matildas campaign","Matildas player Katrina Gorry is in some doubt for the Olympics after suffering an ankle injury at club level.","The Sydney Morning Herald","sports","2024-03-28T20:24:35+00:00"
"","Gorry in doubt for Matildas campaign","Matildas player Katrina Gorry is in some doubt for the Olympics after suffering an ankle injury at club level.","The Age","sports","2024-03-28T20:24:35+00:00"
,"Identifying tropane alkaloid types in Hyoscyamus niger L.","Researchers conducted a study on tropane alkaloids (TAs), crucial natural compounds found abundantly in various plant families. TAs, often toxins, include major ones like L-hyoscyamine, atropine, and scopolamine, each with distinct pharmacological uses.","Phys.org - News And Articles On Science And Technology","science","2024-03-28T20:24:03+00:00"
,"Rexford Industrial buys 3M square feet of property from Blackstone for $1B","Rexford Industrial buys 3M square feet of property from Blackstone for $1B","Seeking Alpha","business","2024-03-28T20:21:44+00:00"
,"Hilton Grand Vacations elevates Dan Mathewes to President and CFO","Hilton Grand Vacations elevates Dan Mathewes to President and CFO","Seeking Alpha","business","2024-03-28T20:20:36+00:00"
,"Pineapple Energy GAAP EPS of -$0.16 misses by $0.08, revenue of $19.44M misses by $0.96M","Pineapple Energy GAAP EPS of -$0.16 misses by $0.08, revenue of $19.44M misses by $0.96M","Seeking Alpha","business","2024-03-28T20:20:27+00:00"
,"Kodiak Sciences GAAP EPS of -$1.13 misses by $0.31","Kodiak Sciences GAAP EPS of -$1.13 misses by $0.31","Seeking Alpha","business","2024-03-28T20:20:10+00:00"
"cdavis@thebtngroup.com (Chris Davis)","Condor Inaugurates Miami Service","German carrier Condor Airlines inaugurated direct service between Frankfurt and Miami, the carrier announced this week.&#160;","Business Travel News","business","2024-03-28T20:20:09+00:00"
"Eric Smithling, Yardbarker","Six biggest questions about the NBA's playoff picture","Here are the six most pressing questions surrounding the league as the regular season approaches its conclusion on Sunday, April 14.","Yardbarker","sports","2024-03-28T20:20:08+00:00"
,"Searching for the Ideal Fish Taco","Cabbage, crema, pico de gallo and a spritz of lime, please?","The New York Times","entertainment","2024-03-28T20:19:10+00:00"
"Aaron Becker, Yardbarker","Six teams select quarterback in first round of latest mock draft","The 2024 NFL Draft has arguably more quarterback talent than any other draft in recent memory. As a result, NFL.com's Charles Davis believes six teams will select a quarterback in the first round of his latest mock draft.","Yardbarker","sports","2024-03-28T20:16:25+00:00"
,"Accelerate Diagnostics GAAP EPS of -$0.89 misses by $0.27, revenue of $3M misses by $0.45M","Accelerate Diagnostics GAAP EPS of -$0.89 misses by $0.27, revenue of $3M misses by $0.45M","Seeking Alpha","business","2024-03-28T20:16:23+00:00"
"Austen Goslin","Chani is the real protagonist of Dune: Part Two","Photo: Chiabella James/Warner Bros. Pictures This is Zendaya‚Äôs movie, and the storytelling choices reflect it Continue reading&hellip;","Polygon","entertainment","2024-03-28T20:16:16+00:00"
,"Expedia Group announces departure of Expedia Brands president Jon Gieselman","Expedia Group announces departure of Expedia Brands president Jon Gieselman","Seeking Alpha","business","2024-03-28T20:16:07+00:00"
,"Ascent Industries GAAP EPS of -$0.73 misses by $0.65, revenue of $41.2M","Ascent Industries GAAP EPS of -$0.73 misses by $0.65, revenue of $41.2M","Seeking Alpha","business","2024-03-28T20:15:48+00:00"
"Reuters","South Carolina voting map faulted for racial bias by court revived for 2024","South Carolina voting map faulted for racial bias by court revived for 2024","Investing.com | Stock Market Quotes &amp; Financial News","business","2024-03-28T20:15:47+00:00"
"Investing.com","MicroStrategy's executive chairman Saylor sells shares worth over $7.3 million","MicroStrategy's executive chairman Saylor sells shares worth over $7.3 million","Investing.com | Stock Market Quotes &amp; Financial News","business","2024-03-28T20:15:41+00:00"
"Investing.com","MicroStrategy's executive chairman sells over $2.2 million in stock","MicroStrategy's executive chairman sells over $2.2 million in stock","Investing.com | Stock Market Quotes &amp; Financial News","business","2024-03-28T20:15:19+00:00"
"Investing.com","SiTime Corp executive sells shares valued at $116,660","SiTime Corp executive sells shares valued at $116,660","Investing.com | Stock Market Quotes &amp; Financial News","business","2024-03-28T20:15:17+00:00"
"Akshay Kapoor","Miami Open: Hawk-Eye Baffles Victoria Azarenka as She Reacts in Shock to Elena Rybakina‚Äôs¬†Sheer¬†Luck","Tennis fans currently find it hard to leave their seats as Elena Rybakina faces Victoria Azarenka in Miami. While both the players stand to be highly competitive, they are trying to break each other&#8217;s defense, in order to seek mistakes that can help them gain more points to take control of the match. Soon after [&#8230;]The post Miami Open: Hawk-Eye Baffles Victoria Azarenka as She Reacts in Shock to Elena Rybakina‚Äôs¬†Sheer¬†Luck appeared first on EssentiallySports.","Essentially Sports","sports","2024-03-28T20:13:27+00:00"
"Trip Gabriel","Linda Bean, an L.L. Bean Heir and a Conservative Donor, Dies at 82","A granddaughter of the celebrated Maine brand‚Äôs founder, she set out as an entrepreneur in her mid-60s and used her wealth to fund right-wing causes.","The New York Times","politics","2024-03-28T20:12:28+00:00"
"Chris Roush","Why Evan Gershkovich‚Äôs case is so important","Danielle Gershkovich, sister of jailed Wall Street Journal reporter¬†Evan Gershkovich, writes about her brother for the Philadelphia Inquirer. Gershkovich writes, &#8220;Evan was just doing his job as a reporter. It was his dream job, and he was accredited by the Russian foreign ministry to do it. I think of him now, sitting in Lefortovo prison [&#8230;]","Talking Biz News","business","2024-03-28T20:11:55+00:00"
,"Arcadia Biosciences GAAP EPS of -$2.10 beats by $0.48, revenue of $1.17M misses by $0.58M","Arcadia Biosciences GAAP EPS of -$2.10 beats by $0.48, revenue of $1.17M misses by $0.58M","Seeking Alpha","business","2024-03-28T20:11:52+00:00"
,"Aspira Women‚Äôs Health GAAP EPS of -$0.30 beats by $0.15, revenue of $2.13M misses by $0.42M","Aspira Women‚Äôs Health GAAP EPS of -$0.30 beats by $0.15, revenue of $2.13M misses by $0.42M","Seeking Alpha","business","2024-03-28T20:10:44+00:00"
,"S&P 500 closes out stellar Q1 with gains of ~10%, Nasdaq and Dow also surge","S&P 500 closes out stellar Q1 with gains of ~10%, Nasdaq and Dow also surge","Seeking Alpha","business","2024-03-28T20:10:43+00:00"
,"Veritex announces $50M worth stock buyback program","Veritex announces $50M worth stock buyback program","Seeking Alpha","business","2024-03-28T20:10:34+00:00"
"Abhinav Kumar Singh","IPL 2024: Rajasthan Royals announces Movado as Official Time Partner","The post IPL 2024: Rajasthan Royals announces Movado as Official Time Partner appeared first on The Sports News.Through the collaboration, Movado becomes the official time partner of the Rajasthan Royals for the 2024 season.The post IPL 2024: Rajasthan Royals announces Movado as Official Time Partner appeared first on The Sports News.","The Sports News","sports","2024-03-28T20:09:27+00:00"
,"INmune Bio GAAP EPS of -$1.67 misses by $0.02, revenue of $0.15M beats by $0.01M","INmune Bio GAAP EPS of -$1.67 misses by $0.02, revenue of $0.15M beats by $0.01M","Seeking Alpha","business","2024-03-28T20:06:23+00:00"
,"TSS GAAP EPS of $0.02, revenue of $24.4M","TSS GAAP EPS of $0.02, revenue of $24.4M","Seeking Alpha","business","2024-03-28T20:05:47+00:00"
"Chris Roush","Taylor joins Bloomberg‚Äôs municipal finance team","Bloomberg News reporter¬†Sri Taylor¬†is joining the multiple finance team. She will cover high-yield muni debt, state and local finances, infrastructure projects and more in the New England region. Taylor previously was a leveraged finance reporter, covering markets for junk bonds and leveraged loans. Taylor of a graduate of Rutgers University-New Brunswick.","Talking Biz News","business","2024-03-28T20:05:26+00:00"
"Sanchari Bhaduri","Will NBA Suspend Draymond Green For Violating Official‚Äôs Personal Space? Aftermath Of Warriors Star‚Äôs Latest Antic Can Determine Future","Removed after picking up two technical fouls, Draymond Green faced yet another setback at Wednesday&#8217;s game. As the Warriors vs. Magic night took off, the Golden State team entered the matchup with a single-game lead over the Rockets. With every win counting for the final spot in the Play-In run, they geared up for the [&#8230;]The post Will NBA Suspend Draymond Green For Violating Official&#8217;s Personal Space? Aftermath Of Warriors Star&#8217;s Latest Antic Can Determine Future appeared first on EssentiallySports.","Essentially Sports","sports","2024-03-28T20:01:55+00:00"
"Bill Bender","Will Caitlin Clark go to the 2024 Olympics? Four-time gold medalist Lisa Leslie believes Iowa star '100 percent' should be on Team USA","Iowa superstar Caitlin Clark is on the 14-player training camp roster for the Team USA women's basketball team. Only 12 will compete in the Paris Olympics in late July.","Sporting News","sports","2024-03-28T20:01:39+00:00"
"Robert Calcutt","Luke Littler screams in delight after ending World no.1 Luke Humphries‚Äô stunning winning run","Luke Littler screams in delight after ending World no.1 Luke Humphries‚Äô stunning winning run","TalkSport","sports","2024-03-28T20:00:18+00:00"
"Rich Cimini","Jets owner slams report on argument with coach","Jets owner Woody Johnson used social media Thursday to refute a claim by an NFL Network host that he and coach Robert Saleh engaged in a ""very heated conversation"" earlier this week.","ESPN","sports","2024-03-28T20:00:16+00:00"
"Investing.com","RAMM Pharma Corp. Announces Corporate Update","RAMM Pharma Corp. Announces Corporate Update","Investing.com | Stock Market Quotes &amp; Financial News","business","2024-03-28T20:00:07+00:00"
"Eric Smithling, Yardbarker","Watch: Mike Trout hits first home run of 2024 MLB season off Corbin Burnes","Former Cy Young Award winner Corbin Burnes was the Orioles' biggest offseason addition, but he had nothing on Angels' three-time MVP Mike Trout in the first game of the MLB season.","Yardbarker","sports","2024-03-28T19:57:20+00:00"
,"Evolve catapulted higher as NYC Mayor unveils plan to use gun detection in subways","Evolve catapulted higher as NYC Mayor unveils plan to use gun detection in subways","Seeking Alpha","business","2024-03-28T19:56:07+00:00"
,"Wild desert plants face viral surprise","Just as many people battle seasonal colds and flu, native plants face their own viral threats. People have long known that plants can succumb to viruses just like humans. Now, a new study led by Michigan State University and the University of California, Riverside reveals a previously unknown threat: non-native crop viruses are infecting and jeopardizing the health of wild desert plants.","Phys.org - News And Articles On Science And Technology","science","2024-03-28T19:56:03+00:00"
"Jacob Camenker","Michael Penix Jr. pro day takeaways: Washington QB shows off athleticism, deep passing skills in impressive workout","Michael Penix Jr. may not be a guaranteed first-round pick, but his pro day was one of the most impressive of the 2024 NFL Draft cycle so far.","Sporting News","sports","2024-03-28T19:55:44+00:00"
"Akashdeep Banerjee","Unveiling 76ers‚Äô ‚ÄòWorst Kept Secret‚Äô: LeBron James, Kawhi Leonard, and Paul George Saga","The Los Angeles Clippers marched to the Wells Fargo Center and narrowly escaped defeat on Wednesday. The final score sheet read 107-108, so the Sixers team, without Joel Embiid, almost carried its weight all the way through. Heading into the clash, James Harden&#8217;s return to Philly was the major narrative. However, the 76ers front office [&#8230;]The post Unveiling 76ers&#8217; &#8216;Worst Kept Secret&#8217;: LeBron James, Kawhi Leonard, and Paul George Saga appeared first on EssentiallySports.","Essentially Sports","sports","2024-03-28T19:54:05+00:00"
"Kris Johnson","Best North Carolina sports betting promos for UNC vs. Alabama in Sweet 16: Claim thousands in NC sportsbook bonuses from FanDuel, BetMGM, Bet365 & DraftKings","Here are the best North Carolina sports betting promos for the Sweet 16. Score bonus bets worth thousands of dollars from NC sportsbook apps like FanDuel, BetMGM, Bet365 and DraftKings ahead of UNC vs. Alabama tonight.","Sporting News","sports","2024-03-28T19:48:00+00:00"
,"Four S&P 500 names beat on EPS this week; CCL warns of guidance impact after Baltimore bridge collapse - Earnings Scorecard","Four S&P 500 names beat on EPS this week; CCL warns of guidance impact after Baltimore bridge collapse - Earnings Scorecard","Seeking Alpha","business","2024-03-28T19:46:23+00:00"
"TMZ Staff","Logan Paul Rips Graham Bensinger Over Documentary, You Promised Apple TV+","Logan Paul is beyond pissed about the new documentary about him that just dropped ... and he's blaming Graham Bensinger, the guy who spent 5 months interviewing him for the film. We had Logan and Graham on ""TMZ Live"" Thursday, and we thought they&hellip;","TMZ","entertainment","2024-03-28T19:45:43+00:00"
"Amanda Silberling","X is testing NSFW adult communities, according to screenshots","Even though X seems to be working on this NSFW Communities feature, that doesn't mean it'll come to fruition.¬© 2024 TechCrunch. All rights reserved. For personal use only.","TechCrunch","technology","2024-03-28T19:43:51+00:00"
"By Paul Kirby","Moscow attack: Russia blames West and Kyiv for jihadist massacre","Top Russian officials have directly accused Ukraine and the West of being involved in the deadly Moscow concert hall attack, after it was claimed by the Islamic State (IS) group.","BBC News","World","2024-03-26T15:09:30.000Z"
"By Simon Fraser","China hits out at US and UK over cyber hack claims","China has hit back at accusations from the US and UK that it is behind a state hacking operation targeting millions of people in Western countries.","BBC News","Asia","2024-03-26T11:18:52.000Z"
"By Sean Coughlan","King will attend Easter church service at Windsor","The King and Queen will attend the Easter Sunday service at St George's Chapel at Windsor Castle, Buckingham Palace has confirmed.","Royal correspondent","UK","2024-03-26T13:50:42.000Z"
"By Hannah Price and Tom Beal","Secret papers reveal Post Office knew its court defence was false","A draft report uncovered by the BBC shows the Post Office spent ¬£100m fighting sub-postmasters in court despite knowing its defence was untrue.","BBC News investigations","UK","2024-03-28T17:00:43.000Z"
"By Lauren Potts","What are the National Minimum Wage, National Living Wage and Real Living Wage?","Millions of workers across the UK will see their pay increase when the National Minimum Wage and National Living Wage go up on 1 April.","BBC News","Business","2024-03-27T12:08:44.000Z"
"Chirag Radhyan","Jeff Mayweather Makes His Pick Between Devin Haney and Ryan Garcia","Devin Haney and Ryan Garcia, two young boxing stars on seemingly divergent paths, are bound by a shared past. Their rivalry stretches back to their teenage years, where they battled six times in the amateurs, splitting the series 3-3. That last meeting, a January 2015 encounter at the USA Youth National Championships, saw a 16-year-old [&#8230;]The post Jeff Mayweather Makes His Pick Between Devin Haney and Ryan Garcia appeared first on EssentiallySports.","Essentially Sports","sports","2024-03-26T21:01:03+00:00"
"","Global Self Storage reports Q4 results","Global Self Storage reports Q4 results","Seeking Alpha","business","2024-03-26T21:00:52+00:00"
"","OneText (YC W23) Is Hiring a Lead Design/UX Engineer","Comments","Hacker News","technology","2024-03-26T21:00:50+00:00"
"Colum Dell, Yardbarker","MLB Opening Day primer: 10 hot topics entering the season","The Dodgers and Padres opened the MLB season March 20-21 in South Korea, but the 28 other teams will take the field for the first time in 2024 on Thursday. In preparation for Opening Day, here are 10 of the hottest topics entering the season for the teams yet to play.¬†","Yardbarker","sports","2024-03-26T21:00:48+00:00"
"GlobeNewswire","Ford‚Äôs Budget sounds death knell for public services in Ontario, says OFL","TORONTO, March 26, 2024 (GLOBE NEWSWIRE) &#8212; Doug Ford‚Äôs obsession with tax cuts and tax credits in today‚Äôs provincial Budget sounds the death knell for Ontario‚Äôs languishing public services, says the Ontario Federation of Labour (OFL). The devastating result will be the loss of nearly $8 billion in revenue in 2023-24, which is urgently needed [&#8230;]","Financial Post | Canada Business News","business","2024-03-26T21:00:14+00:00"
"Mark Ogden","Sources: Man Utd want O'Neil talks for coach role","Manchester United want to speak to Wolverhampton Wanderers head coach Gary O'Neil about a role in a potential new coaching set-up at Old Trafford, sources have told ESPN.","ESPN","sports","2024-03-26T21:00:11+00:00"
"GlobeNewswire","Glaring Omission: Ford Government Budget Ignores Teachers, Failing Students Yet Again","TORONTO, March 26, 2024 (GLOBE NEWSWIRE) &#8212; The Ontario English Catholic Teachers‚Äô Association (OECTA) has issued the following statement from President Ren√© Jansen in de Wal in response to the announcement of the 2024 provincial budget: ‚ÄúNot once does the Ford Conservative government‚Äôs proposed budget mention the word ‚Äòteacher‚Äô in the body of its ‚Äòplan‚Äô [&#8230;]","Financial Post | Canada Business News","business","2024-03-26T21:00:10+00:00"
"/u/9oRo","Georgia qualifies for the Euros for the first time after beating Greece on penalties","&#32; submitted by &#32; /u/9oRo [link] &#32; [comments]","Sports | Reddit","sports","2024-03-26T20:59:05+00:00"
"","Researchers realize electrochemical conversion of methane and O‚ÇÇ to HCOOH at room temperature","Direct conversion of CH4 and O2 to value-added chemicals is important for natural gas industries. However, challenges remain due to the difficulty of O2 activation in forming active oxygen species for CH4 activation under mild conditions.","Phys.org - News And Articles On Science And Technology","science","2024-03-26T20:58:32+00:00"
"","New research area promotes both quantum computing and cognitive science","Diving deep into quantum biology or cognitive science alone is challenging enough. That being said, a research team recently wrote a review article highlighting molecular quantum computing, a newly emerged research area that is likely to push the research boundaries of both. The review was published in Intelligent Computing.","Phys.org - News And Articles On Science And Technology","science","2024-03-26T20:58:27+00:00"
"Jeffrey Parkin","‚ÄòReadvent of Calamity‚Äô quest walkthrough in Dragon‚Äôs Dogma 2","Image: Capcom via Polygon Where to find Ulrika in Melve ‚Äòfrom time to time‚Äô Continue reading&hellip;","Polygon","entertainment","2024-03-26T20:57:25+00:00"
"","Researchers show that introduced tardigrade proteins can slow metabolism in human cells","University of Wyoming researchers have gained further insight into how tardigrades survive extreme conditions and have shown that proteins from the microscopic creatures expressed in human cells can slow down molecular processes.","Phys.org - News And Articles On Science And Technology","science","2024-03-26T20:57:01+00:00"
"","Examining the delicate balance of lepton flavors","In a talk at the ongoing Rencontres de Moriond conference, the ATLAS collaboration presented the result of its latest test of a key principle of the Standard Model of particle physics known as lepton flavor universality. The precision of the result is the best yet achieved by a single experiment in decays of the W boson and surpasses that of the current experimental average.","Phys.org - News And Articles On Science And Technology","science","2024-03-26T20:56:49+00:00"
"Adam Gretz, Yardbarker","Steelers add potential impact kickoff returner on same day as kickoff rule change","The Pittsburgh Steelers are not wasting any time in trying to take advantage of the NFL's new kickoff rules.","Yardbarker","sports","2024-03-26T20:56:43+00:00"
"Zac Wassink, Yardbarker","Bears HC Matt Eberflus addresses questions about Caleb Williams' character","Individuals within the Chicago Bears are doing a good job of hiding it if they truly have any concerns about supposed¬†red flags¬†hovering over the status of Caleb Williams.","Yardbarker","sports","2024-03-26T20:56:43+00:00"
"","Korro Bio GAAP EPS of -$53.08","Korro Bio GAAP EPS of -$53.08","Seeking Alpha","business","2024-03-26T20:56:36+00:00"
"Connor Andrews","Kylian Mbappe booed by his own fans during France warm-up","Kylian Mbappe booed by his own fans during France warm-up","TalkSport","sports","2024-03-26T20:56:30+00:00"
"","Mallinckrodt reports Q4 results","Mallinckrodt reports Q4 results","Seeking Alpha","business","2024-03-26T20:56:06+00:00"
"","U.S. crude stockpiles rose 9.3M barrels last week, API says","U.S. crude stockpiles rose 9.3M barrels last week, API says","Seeking Alpha","business","2024-03-26T20:55:38+00:00"
"Neal E. Boudette","Automakers say they are rerouting car shipments away from Baltimore.","Automakers say they are rerouting car shipments away from Baltimore.","The New York Times","entertainment","2024-03-26T20:55:14+00:00"
"","Study assesses geographical patterns and determinants of insect biodiversity in China","A new study titled ""Geographical patterns and determinants of insect biodiversity in China"" and published in Science China Life Sciences has been led by Prof. Fuwen Wei (Institute of Zoology, Chinese Academy of Sciences and Jiangxi Agricultural University) and Prof. Gexiao Qiao (Institute of Zoology, Chinese Academy of Sciences).","Phys.org - News And Articles On Science And Technology","science","2024-03-26T20:54:03+00:00"
"Brian Heater","NASA‚Äôs snake robot is designed to search out life in the icy oceans of a Saturn moon","The snake robot form factor has existed for decades. In addition to the diversity it adds to the world of automation, the design has several pragmatic attributes. The first is redundancy, which allows for the system to keep chugging even after a module is damaged. The second is a body that makes it possible for [&#8230;]¬© 2024 TechCrunch. All rights reserved. For personal use only.","TechCrunch","technology","2024-03-26T20:53:37+00:00"
"Darshita Daga","Jontay Porter Betting Controversy: Potential Ramifications Loom for the Raptors star amid Rising Suspicion","The NBA has launched an investigation into Toronto Raptors&#8217; two-way player Jontay Porter amid gambling allegations. According to NBA policy, all NBA players, along with all employees affiliated with the NBA, are prohibited from betting on any NBA events, including prop bets. But there is a rising suspicion that the Toronto Raptors two-way player was [&#8230;]The post Jontay Porter Betting Controversy: Potential Ramifications Loom for the Raptors star amid Rising Suspicion appeared first on EssentiallySports.","Essentially Sports","sports","2024-03-26T20:53:12+00:00"
"","WisdomTree International Quality Dividend Growth Fund declares quarterly distribution of $0.21","WisdomTree International Quality Dividend Growth Fund declares quarterly distribution of $0.21","Seeking Alpha","business","2024-03-26T20:52:47+00:00"
"","WisdomTree International Multifactor Fund declares quarterly distribution of $0.1050","WisdomTree International Multifactor Fund declares quarterly distribution of $0.1050","Seeking Alpha","business","2024-03-26T20:52:11+00:00"
"","WisdomTree International MidCap Dividend Fund declares quarterly distribution of $0.1100","WisdomTree International MidCap Dividend Fund declares quarterly distribution of $0.1100","Seeking Alpha","business","2024-03-26T20:51:23+00:00"
"","Ouster's Q4 loss narrows, gives upbeat 2024 sales guidance","Ouster's Q4 loss narrows, gives upbeat 2024 sales guidance","Seeking Alpha","business","2024-03-26T20:51:20+00:00"
"","WisdomTree International LargeCap Dividend Fund declares quarterly distribution of $0.3100","WisdomTree International LargeCap Dividend Fund declares quarterly distribution of $0.3100","Seeking Alpha","business","2024-03-26T20:51:00+00:00"
"","WisdomTree International High Dividend Fund declares quarterly distribution of $0.2700","WisdomTree International High Dividend Fund declares quarterly distribution of $0.2700","Seeking Alpha","business","2024-03-26T20:50:31+00:00"
"","Aptose Biosciences GAAP EPS of -$7.58 beats by $0.40","Aptose Biosciences GAAP EPS of -$7.58 beats by $0.40","Seeking Alpha","business","2024-03-26T20:50:27+00:00"
"","Elephant hunting by early humans may explain proximity between extensive Paleolithic stone quarries and water sources","Archaeologists from Tel Aviv University have uncovered the mystery surrounding extensive Paleolithic stone quarrying and tool-making sites: Why did Homo erectus repeatedly revisit the very same locations for hundreds of thousands of years? The answer lies in the migration routes of elephants, which they hunted and dismembered using flint tools crafted at these quarrying sites.","Phys.org - News And Articles On Science And Technology","science","2024-03-26T20:50:04+00:00"
"","WisdomTree International AI Enhanced Value Fund declares quarterly distribution of $0.1950","WisdomTree International AI Enhanced Value Fund declares quarterly distribution of $0.1950","Seeking Alpha","business","2024-03-26T20:47:43+00:00"
"","ProSomnus reports Q4 results","ProSomnus reports Q4 results","Seeking Alpha","business","2024-03-26T20:47:26+00:00"
"","Zoned Properties reports Q4 results","Zoned Properties reports Q4 results","Seeking Alpha","business","2024-03-26T20:46:55+00:00"
"Sloan Piva","Marquette vs. NC State prediction: How to pick, bet Sweet 16 odds for 2024 March Madness game","Will NC State's Cinderella run continue against Marquette in the Sweet 16? SN breaks down the odds and make our final score prediction and pick against the spread for Friday's March Madness showdown.","Sporting News","sports","2024-03-26T20:46:43+00:00"
"","Kane Biotech GAAP EPS of -$0.01","Kane Biotech GAAP EPS of -$0.01","Seeking Alpha","business","2024-03-26T20:46:10+00:00"
"Kanishk Thakur","Dana White‚Äôs Rival for ‚ÄòTUF-Like‚Äô Series Signs Ex-UFC Champs as Coaches","When Dana White and the Fertitta brothers took over the UFC in 2001, the promotion was on the verge of bankruptcy. Banned in many states in the United States including New York, it was seen as a barbaric and violent sport, relegated to holding events at community centres and the like in third-tier cities and [&#8230;]The post Dana White‚Äôs Rival for ‚ÄòTUF-Like‚Äô Series Signs Ex-UFC Champs as Coaches appeared first on EssentiallySports.","Essentially Sports","sports","2024-03-26T20:46:07+00:00"
"Megan Farokhmanesh","Is AI the Future of NPCs?","Artificial intelligence is poised to have a massive impact on video games in the next few years, something that excites and worries developers. Some think non-player characters might be AI's killer app.","Wired","technology","2024-03-26T20:45:58+00:00"
"","Bit Digital plans to lock in further GPU commitment from customer","Bit Digital plans to lock in further GPU commitment from customer","Seeking Alpha","business","2024-03-26T20:45:34+00:00"
"Juan Allan","Thai Parliament Approves Delayed 2024 Budget","The new budget will focus on increasing spending in the Thai economy and a drop of 0.3% in the budget deficit to 693 billion baht from the previous year.This article was originally published here: Thai Parliament Approves Delayed 2024 Budget","Thailand Business News","business","2024-03-26T20:43:48+00:00"
"","Adam Neumann‚Äôs bid to buy back WeWork faces uphill battle due to financing challenges","WeWork founder Adam Neumann is reportedly trying to buy back the company that ousted him in 2019, but he faces plenty of hurdles along the way.","Cnbc | World Business News Leader","business","2024-03-26T20:43:00+00:00"
"The Roar","Albanese asked to intervene as former Dees doctor drops bombshell over players dodging drug tests","A whistleblowing doctor has revealed allegations of secret illicit drug tests conducted to enable AFL players to avoid detection on game days, federal MP Andrew Wilkie says. Mr Wilkie told parliament of the allegations from a former Melbourne Demons club doctor and football club president. He described the allegations as credible, detailed and provided in [&#8230;]","The Roar | Sports Writers Blog","sports","2024-03-26T20:42:58+00:00"
"","NCNO, OPI and MESO are among after hour movers","NCNO, OPI and MESO are among after hour movers","Seeking Alpha","business","2024-03-26T20:42:37+00:00"
"","Behavior of ant queens found to be shaped by their social environments","The queens in colonies of social insects, such as ants, bees, and wasps, are considered the veritable embodiment of specialization in the animal kingdom.","Phys.org - News And Articles On Science And Technology","science","2024-03-26T20:42:08+00:00"
"","Greenlane Renewables reports Q4 results","Greenlane Renewables reports Q4 results","Seeking Alpha","business","2024-03-26T20:40:14+00:00"
"Robert Calcutt","Andy Robertson goes off injured for Scotland in blow to Liverpool","Andy Robertson goes off injured for Scotland in blow to Liverpool","TalkSport","sports","2024-03-26T20:39:56+00:00"
"/u/UFCRippingGringo","Conor McGregor Comeback! üò≤ü§Ø The Notorious returns to the UFC Octagon. üôå","FINALLY its actually going to happen! &#32; submitted by &#32; /u/UFCRippingGringo [link] &#32; [comments]","Sports | Reddit","sports","2024-03-26T20:39:54+00:00"
"Edward Sutelan","Pete Rose's gambling scandal, explained: Why MLB's hits king is banned for betting on baseball","Rose has more hits than anyone in baseball history, and he accomplished the feat without performance-enhancing drugs. Yet he remains barred from baseball and the Hall of Fame.","Sporting News","sports","2024-03-26T20:39:19+00:00"
"/u/CardsMan9","Today In Sports History: Larry Bird & Magic Johnson Rivalry Begins In NCAA Finals. Epic Game!","&#32; submitted by &#32; /u/CardsMan9 [link] &#32; [comments]","Sports | Reddit","sports","2024-03-26T20:38:59+00:00"
"","New computational technique enhances accuracy of measurements in nuclear geoscience","Conventional nuclear measurement techniques, such as Monte Carlo simulations, are known for their extensive computational demands and prolonged processing times, especially when applied to unconventional reservoirs characterized by complex lithologies. These traditional methods often fall short in efficiently interpreting geological formations, presenting significant challenges in environments where precision and speed are critical.","Phys.org - News And Articles On Science And Technology","science","2024-03-26T20:38:04+00:00"
"","X-FAB Silicon Foundries SE GAAP EPS of $1.25, revenue of $906.79M misses by $41.61M","X-FAB Silicon Foundries SE GAAP EPS of $1.25, revenue of $906.79M misses by $41.61M","Seeking Alpha","business","2024-03-26T20:37:19+00:00"
"","King Charles III confirms first major event since cancer diagnosis","King Charles III has confirmed his attendance at the upcoming Easter Sunday church service, his first major public appearance since his cancer diagnosis.","The Sydney Morning Herald","entertainment","2024-03-26T20:37:12+00:00"
"","King Charles III confirms first major event since cancer diagnosis","King Charles III has confirmed his attendance at the upcoming Easter Sunday church service, his first major public appearance since his cancer diagnosis.","The Age","entertainment","2024-03-26T20:37:12+00:00"
"Mrinal Mishra","‚ÄúAin‚Äôt No Fighter More Hungry for Greatness‚Äù: David Benavidez‚Äôs Dig at Canelo Alvarez in Recent Post Draws Wild Reactions From Fans","David Benavidez, the undefeated super middleweight interim champion, isn&#8217;t letting up the pressure. Via Instagram, he challenges Canelo Alvarez. His message? Bold and clear. &#8220;I&#8217;m the youngest super middleweight champion,&#8221; he states, &#8220;Who wants to see Benavidez vs. Canelo?&#8221; The video fuels the fire, highlighting a fight fans crave. Meanwhile, Canelo&#8217;s demands hover between 150 [&#8230;]The post ‚ÄúAin‚Äôt No Fighter More Hungry for Greatness‚Äù: David Benavidez‚Äôs Dig at Canelo Alvarez in Recent Post Draws Wild Reactions From Fans appeared first on...","Essentially Sports","sports","2024-03-26T20:36:39+00:00"
"","Stoke Therapeutics announces proposed public offering worth $75M","Stoke Therapeutics announces proposed public offering worth $75M","Seeking Alpha","business","2024-03-26T20:36:29+00:00"
"Sam Robinson, Pro Football Rumors","Steelers to sign versatile offensive weapon, return man","He has been a dominant return specialist during the period in which that job decreased in importance. As the NFL prepares to revive this play, the Steelers are bringing in a perennial All-Pro.","Yardbarker","sports","2024-03-26T20:36:04+00:00"
"Phil Spencer","Ivan Toney gave one-word verdict on Euro 2024 hopes and Jude Bellingham helped make it happen","Ivan Toney gave one-word verdict on Euro 2024 hopes and Jude Bellingham helped make it happen","TalkSport","sports","2024-03-26T20:35:54+00:00"
"Daniel Karell","Barcelona vs Man City tickets in Orlando: Price, best seats for Camping World Stadium 2024 game","If you're looking to buy tickets for Barcelona vs. Man City for this summer in Orlando, here is everything you need to know including cheapest prices, best seats and the entire summer U.S. soccer schedule the European clubs.","Sporting News","sports","2024-03-26T20:35:36+00:00"
"The Roar","NRL News: Hopoate lucky to avoid serious injury from BBQ blow-up, Drinkwater now an elite fullback ‚Äì Payten","Raiders winger Albert Hopoate is lucky he is only missing one NRL match and didn&#8217;t suffer serious injuries after an oil can exploded while he was cooking a barbeque. The Canberra winger suffered burns to his right arm after the explosion on Monday night and despite wanting to train with the team the next day, [&#8230;]","The Roar | Sports Writers Blog","sports","2024-03-26T20:33:15+00:00"
"Sumedha Mukherjee","Kyle Larson Unleashes Bitter 6-Worded Reality Check That Fueled His ‚ÄòPrime‚Äô in NASCAR","Kyle Larson saw his top-five dreams slip out through the window after an incident at the COTA Cup race. JGR driver Christopher Bell spun him on lap 21 and later apologized as well. However, Kyle Larson is still on a golden streak this season, having snagged the COTA Xfinity win, besides the Las Vegas Cup [&#8230;]The post Kyle Larson Unleashes Bitter 6-Worded Reality Check That Fueled His ‚ÄòPrime‚Äô in NASCAR appeared first on EssentiallySports.","Essentially Sports","sports","2024-03-26T20:33:06+00:00"
"","ATA Creativity Global reports Q4 results","ATA Creativity Global reports Q4 results","Seeking Alpha","business","2024-03-26T20:32:16+00:00"
"","DuPont stock breaks a six-day winning spell, trades in the red","DuPont stock breaks a six-day winning spell, trades in the red","Seeking Alpha","business","2024-03-26T20:32:10+00:00"
"","US TV host Stephen Colbert addresses recent jokes he made about Kate Middleton","US TV host Stephen Colbert has addressed recent jokes he made about the Princess of Wales on The Late Show.","The Age","entertainment","2024-03-26T20:32:07+00:00"
"","US TV host Stephen Colbert addresses recent jokes he made about Kate Middleton","US TV host Stephen Colbert has addressed recent jokes he made about the Princess of Wales on The Late Show.","The Sydney Morning Herald","entertainment","2024-03-26T20:32:07+00:00"
"Tyler Forness","Dallas Cowboys give no indication of a new contract for Dak Prescott","The Dallas Cowboys have given no indication of giving Dak Prescott a new contract.","Sporting News","sports","2024-03-26T20:31:53+00:00"
"","nCino surges as Q4 earnings blow past estimates; offers up mixed guidance","nCino surges as Q4 earnings blow past estimates; offers up mixed guidance","Seeking Alpha","business","2024-03-26T20:31:21+00:00"
"Aryan Sharma","‚ÄòMust Be a Bit Desperate‚Äô: Golf Fans Sneer at Justin Thomas As He Makes Talk Show Debut","Pop culture and the realm of late-night television frequently overlap, bringing together personalities from diverse backgrounds. These programs give celebrities, from actors and artists to athletes and business owners, a stage on which to display their sense of humor and engage with viewers in a laid-back atmosphere. Renowned for its biting wit and political commentary, [&#8230;]The post &#8216;Must Be a Bit Desperate&#8217;: Golf Fans Sneer at Justin Thomas As He Makes Talk Show Debut appeared first on EssentiallySports.","Essentially Sports","sports","2024-03-26T20:30:38+00:00"
"TMZ Staff","Ex-'Bachelorette' Rachel Lindsay Thrilled With Show's First Asian Lead","Jenn Tran got tapped to be the first Asian-American 'Bachelorette' in TV history -- something that the first African-American 'Bachelorette' is incredibly proud to see come to fruition. Rachel Lindsay -- who made history as the first Black lead in&hellip;","TMZ","entertainment","2024-03-26T20:30:18+00:00"
"cdavis@thebtngroup.com (Chris Davis)","IHG Rolls Out New Suites Prototypes","IHG Hotels & Resorts on Tuesday unveiled new U.S. prototypes for its three suites brands, designed to allow for more guest rooms per property. &#160;","Business Travel News","business","2024-03-26T20:30:08+00:00"
"Rebecca Szkutak","Vibrant Planet uses AI for land mapping and improving climate resiliency","As the planet warms due to human-caused climate change, damage from wildfires has increased with it. The amount of forest area burned by wildfires increased 320% from 1996 to 2021, according to the National Integrated Drought Information System. While building tech to slow the progression and impacts of climate change would be ideal, it&#8217;s a [&#8230;]¬© 2024 TechCrunch. All rights reserved. For personal use only.","TechCrunch","technology","2024-03-26T20:29:31+00:00"
"","Protein in human sweat may protect some people against Lyme disease","A mutant gene that produces proteins in sweat may raise some people's risk of Lyme disease, while the standard version of the gene may protect against infection.","Live Science: The Most Interesting Articles","science","2024-03-26T20:28:57+00:00"
"","Baltimore bridge collapse should be 'manageable loss' for insurers, Wells Fargo says","Baltimore bridge collapse should be 'manageable loss' for insurers, Wells Fargo says","Seeking Alpha","business","2024-03-26T20:28:46+00:00"
"","NBT Bancorp files automatic mixed shelf","NBT Bancorp files automatic mixed shelf","Seeking Alpha","business","2024-03-26T20:28:06+00:00"
"/u/Forward-Answer-4407","Japanese schools move to protect cheerleaders from upskirting at sporting events","&#32; submitted by &#32; /u/Forward-Answer-4407 [link] &#32; [comments]","Sports | Reddit","sports","2024-03-26T20:27:49+00:00"
"","WidePoint GAAP EPS of -$0.15, revenue of $28.3M","WidePoint GAAP EPS of -$0.15, revenue of $28.3M","Seeking Alpha","business","2024-03-26T20:27:10+00:00"
"Reuters","GameStop cuts jobs, quarterly revenue falls","GameStop cuts jobs, quarterly revenue falls","Investing.com | Stock Market Quotes &amp; Financial News","business","2024-03-26T20:26:54+00:00"
"Reuters","Krispy Kreme shares jump as US partnership with McDonald's goes national","Krispy Kreme shares jump as US partnership with McDonald's goes national","Investing.com | Stock Market Quotes &amp; Financial News","business","2024-03-26T20:26:33+00:00"
"","Progress Software considering offer for MariaDB plc","Progress Software considering offer for MariaDB plc","Seeking Alpha","business","2024-03-26T20:26:19+00:00"
"","GameStop in charts: Hardware sales slide 12%, while revenue from software falls 31% in FQ4","GameStop in charts: Hardware sales slide 12%, while revenue from software falls 31% in FQ4","Seeking Alpha","business","2024-03-26T20:26:10+00:00"
"Investing.com","Surgery Partners prices $800 million in senior notes","Surgery Partners prices $800 million in senior notes","Investing.com | Stock Market Quotes &amp; Financial News","business","2024-03-26T20:25:54+00:00"
